year,msa,exog_shock
2000,Akron - OH,0
2001,Akron - OH,0
2002,Akron - OH,0
2003,Akron - OH,0
2004,Akron - OH,0
2005,Akron - OH,0
2006,Akron - OH,0
2007,Akron - OH,0
2008,Akron - OH,0
2009,Akron - OH,0
2010,Akron - OH,0
2011,Akron - OH,0
2012,Akron - OH,0
2013,Akron - OH,0
2014,Akron - OH,0
2015,Akron - OH,0
2016,Akron - OH,0
2017,Akron - OH,0
2018,Akron - OH,0
2019,Akron - OH,0
2020,Akron - OH,0
2021,Akron - OH,0
2022,Akron - OH,0
2023,Akron - OH,0
2024,Akron - OH,0
2000,Albany - NY,0
2001,Albany - NY,0
2002,Albany - NY,0
2003,Albany - NY,0
2004,Albany - NY,0
2005,Albany - NY,0
2006,Albany - NY,0
2007,Albany - NY,0
2008,Albany - NY,0
2009,Albany - NY,0
2010,Albany - NY,0
2011,Albany - NY,0
2012,Albany - NY,0
2013,Albany - NY,0
2014,Albany - NY,0
2015,Albany - NY,0
2016,Albany - NY,0
2017,Albany - NY,0
2018,Albany - NY,0
2019,Albany - NY,0
2020,Albany - NY,0
2021,Albany - NY,0
2022,Albany - NY,0
2023,Albany - NY,0
2024,Albany - NY,0
2000,Albuquerque - NM,0
2001,Albuquerque - NM,0
2002,Albuquerque - NM,0
2003,Albuquerque - NM,0
2004,Albuquerque - NM,0
2005,Albuquerque - NM,0
2006,Albuquerque - NM,0
2007,Albuquerque - NM,0
2008,Albuquerque - NM,0
2009,Albuquerque - NM,0
2010,Albuquerque - NM,0
2011,Albuquerque - NM,0
2012,Albuquerque - NM,0
2013,Albuquerque - NM,0
2014,Albuquerque - NM,0
2015,Albuquerque - NM,0
2016,Albuquerque - NM,0
2017,Albuquerque - NM,0
2018,Albuquerque - NM,0
2019,Albuquerque - NM,0
2020,Albuquerque - NM,0
2021,Albuquerque - NM,0
2022,Albuquerque - NM,0
2023,Albuquerque - NM,0
2024,Albuquerque - NM,0
2000,Ann Arbor - MI,0
2001,Ann Arbor - MI,0
2002,Ann Arbor - MI,0
2003,Ann Arbor - MI,0
2004,Ann Arbor - MI,0
2005,Ann Arbor - MI,0
2006,Ann Arbor - MI,0
2007,Ann Arbor - MI,0
2008,Ann Arbor - MI,0
2009,Ann Arbor - MI,0
2010,Ann Arbor - MI,0
2011,Ann Arbor - MI,0
2012,Ann Arbor - MI,0
2013,Ann Arbor - MI,0
2014,Ann Arbor - MI,0
2015,Ann Arbor - MI,0
2016,Ann Arbor - MI,0
2017,Ann Arbor - MI,0
2018,Ann Arbor - MI,0
2019,Ann Arbor - MI,0
2020,Ann Arbor - MI,0
2021,Ann Arbor - MI,0
2022,Ann Arbor - MI,0
2023,Ann Arbor - MI,0
2024,Ann Arbor - MI,0
2000,Atlanta - GA,0
2001,Atlanta - GA,0
2002,Atlanta - GA,0
2003,Atlanta - GA,0
2004,Atlanta - GA,0
2005,Atlanta - GA,0
2006,Atlanta - GA,0
2007,Atlanta - GA,0
2008,Atlanta - GA,0
2009,Atlanta - GA,0
2010,Atlanta - GA,0
2011,Atlanta - GA,0
2012,Atlanta - GA,0
2013,Atlanta - GA,0
2014,Atlanta - GA,0
2015,Atlanta - GA,0
2016,Atlanta - GA,0
2017,Atlanta - GA,0
2018,Atlanta - GA,0
2019,Atlanta - GA,0
2020,Atlanta - GA,0
2021,Atlanta - GA,0
2022,Atlanta - GA,0
2023,Atlanta - GA,0
2024,Atlanta - GA,0
2000,Austin - TX,0
2001,Austin - TX,0
2002,Austin - TX,0
2003,Austin - TX,0
2004,Austin - TX,0
2005,Austin - TX,0
2006,Austin - TX,0
2007,Austin - TX,0
2008,Austin - TX,0
2009,Austin - TX,0
2010,Austin - TX,0
2011,Austin - TX,0
2012,Austin - TX,0
2013,Austin - TX,0
2014,Austin - TX,0
2015,Austin - TX,0
2016,Austin - TX,0
2017,Austin - TX,0
2018,Austin - TX,0
2019,Austin - TX,0
2020,Austin - TX,0
2021,Austin - TX,0
2022,Austin - TX,0
2023,Austin - TX,0
2024,Austin - TX,0
2000,Bakersfield - CA,0
2001,Bakersfield - CA,0
2002,Bakersfield - CA,0
2003,Bakersfield - CA,0
2004,Bakersfield - CA,0
2005,Bakersfield - CA,0
2006,Bakersfield - CA,0
2007,Bakersfield - CA,0
2008,Bakersfield - CA,0
2009,Bakersfield - CA,0
2010,Bakersfield - CA,0
2011,Bakersfield - CA,0
2012,Bakersfield - CA,0
2013,Bakersfield - CA,0
2014,Bakersfield - CA,0
2015,Bakersfield - CA,0
2016,Bakersfield - CA,0
2017,Bakersfield - CA,0
2018,Bakersfield - CA,0
2019,Bakersfield - CA,0
2020,Bakersfield - CA,0
2021,Bakersfield - CA,0
2022,Bakersfield - CA,0
2023,Bakersfield - CA,0
2024,Bakersfield - CA,0
2000,Baltimore - MD,0
2001,Baltimore - MD,0
2002,Baltimore - MD,0
2003,Baltimore - MD,0
2004,Baltimore - MD,0
2005,Baltimore - MD,0
2006,Baltimore - MD,0
2007,Baltimore - MD,0
2008,Baltimore - MD,0
2009,Baltimore - MD,0
2010,Baltimore - MD,0
2011,Baltimore - MD,0
2012,Baltimore - MD,0
2013,Baltimore - MD,0
2014,Baltimore - MD,0
2015,Baltimore - MD,0
2016,Baltimore - MD,0
2017,Baltimore - MD,0
2018,Baltimore - MD,0
2019,Baltimore - MD,0
2020,Baltimore - MD,0
2021,Baltimore - MD,0
2022,Baltimore - MD,0
2023,Baltimore - MD,0
2024,Baltimore - MD,0
2000,Baton Rouge - LA,0
2001,Baton Rouge - LA,0
2002,Baton Rouge - LA,0
2003,Baton Rouge - LA,0
2004,Baton Rouge - LA,0
2005,Baton Rouge - LA,0
2006,Baton Rouge - LA,0
2007,Baton Rouge - LA,0
2008,Baton Rouge - LA,0
2009,Baton Rouge - LA,0
2010,Baton Rouge - LA,0
2011,Baton Rouge - LA,0
2012,Baton Rouge - LA,0
2013,Baton Rouge - LA,0
2014,Baton Rouge - LA,0
2015,Baton Rouge - LA,0
2016,Baton Rouge - LA,0
2017,Baton Rouge - LA,0
2018,Baton Rouge - LA,0
2019,Baton Rouge - LA,0
2020,Baton Rouge - LA,0
2021,Baton Rouge - LA,0
2022,Baton Rouge - LA,0
2023,Baton Rouge - LA,0
2024,Baton Rouge - LA,0
2000,Birmingham - AL,0
2001,Birmingham - AL,0
2002,Birmingham - AL,0
2003,Birmingham - AL,0
2004,Birmingham - AL,0
2005,Birmingham - AL,0
2006,Birmingham - AL,0
2007,Birmingham - AL,0
2008,Birmingham - AL,0
2009,Birmingham - AL,0
2010,Birmingham - AL,0
2011,Birmingham - AL,0
2012,Birmingham - AL,0
2013,Birmingham - AL,0
2014,Birmingham - AL,0
2015,Birmingham - AL,0
2016,Birmingham - AL,0
2017,Birmingham - AL,0
2018,Birmingham - AL,0
2019,Birmingham - AL,0
2020,Birmingham - AL,0
2021,Birmingham - AL,0
2022,Birmingham - AL,0
2023,Birmingham - AL,0
2024,Birmingham - AL,0
2000,Boston - MA,0
2001,Boston - MA,0
2002,Boston - MA,0
2003,Boston - MA,0
2004,Boston - MA,0
2005,Boston - MA,0
2006,Boston - MA,0
2007,Boston - MA,0
2008,Boston - MA,0
2009,Boston - MA,0
2010,Boston - MA,0
2011,Boston - MA,0
2012,Boston - MA,0
2013,Boston - MA,0
2014,Boston - MA,0
2015,Boston - MA,0
2016,Boston - MA,0
2017,Boston - MA,0
2018,Boston - MA,0
2019,Boston - MA,0
2020,Boston - MA,0
2021,Boston - MA,0
2022,Boston - MA,0
2023,Boston - MA,0
2024,Boston - MA,0
2000,Buffalo - NY,0
2001,Buffalo - NY,0
2002,Buffalo - NY,0
2003,Buffalo - NY,0
2004,Buffalo - NY,0
2005,Buffalo - NY,0
2006,Buffalo - NY,0
2007,Buffalo - NY,0
2008,Buffalo - NY,0
2009,Buffalo - NY,0
2010,Buffalo - NY,0
2011,Buffalo - NY,0
2012,Buffalo - NY,0
2013,Buffalo - NY,0
2014,Buffalo - NY,0
2015,Buffalo - NY,0
2016,Buffalo - NY,0
2017,Buffalo - NY,0
2018,Buffalo - NY,0
2019,Buffalo - NY,0
2020,Buffalo - NY,0
2021,Buffalo - NY,0
2022,Buffalo - NY,0
2023,Buffalo - NY,0
2024,Buffalo - NY,0
2000,Charleston - SC,0
2001,Charleston - SC,0
2002,Charleston - SC,0
2003,Charleston - SC,0
2004,Charleston - SC,0
2005,Charleston - SC,0
2006,Charleston - SC,0
2007,Charleston - SC,0
2008,Charleston - SC,0
2009,Charleston - SC,0
2010,Charleston - SC,0
2011,Charleston - SC,0
2012,Charleston - SC,0
2013,Charleston - SC,0
2014,Charleston - SC,0
2015,Charleston - SC,0
2016,Charleston - SC,0
2017,Charleston - SC,0
2018,Charleston - SC,0
2019,Charleston - SC,0
2020,Charleston - SC,0
2021,Charleston - SC,0
2022,Charleston - SC,0
2023,Charleston - SC,0
2024,Charleston - SC,0
2000,Charlotte - NC,0
2001,Charlotte - NC,0
2002,Charlotte - NC,0
2003,Charlotte - NC,0
2004,Charlotte - NC,0
2005,Charlotte - NC,0
2006,Charlotte - NC,0
2007,Charlotte - NC,0
2008,Charlotte - NC,0
2009,Charlotte - NC,0
2010,Charlotte - NC,0
2011,Charlotte - NC,0
2012,Charlotte - NC,0
2013,Charlotte - NC,0
2014,Charlotte - NC,0
2015,Charlotte - NC,0
2016,Charlotte - NC,0
2017,Charlotte - NC,0
2018,Charlotte - NC,0
2019,Charlotte - NC,0
2020,Charlotte - NC,0
2021,Charlotte - NC,0
2022,Charlotte - NC,0
2023,Charlotte - NC,0
2024,Charlotte - NC,0
2000,Chicago - IL,0
2001,Chicago - IL,0
2002,Chicago - IL,0
2003,Chicago - IL,0
2004,Chicago - IL,0
2005,Chicago - IL,0
2006,Chicago - IL,0
2007,Chicago - IL,0
2008,Chicago - IL,0
2009,Chicago - IL,0
2010,Chicago - IL,0
2011,Chicago - IL,0
2012,Chicago - IL,0
2013,Chicago - IL,0
2014,Chicago - IL,0
2015,Chicago - IL,0
2016,Chicago - IL,1
2017,Chicago - IL,1
2018,Chicago - IL,1
2019,Chicago - IL,0
2020,Chicago - IL,0
2021,Chicago - IL,0
2022,Chicago - IL,0
2023,Chicago - IL,0
2024,Chicago - IL,0
2000,Cincinnati - OH,0
2001,Cincinnati - OH,0
2002,Cincinnati - OH,0
2003,Cincinnati - OH,0
2004,Cincinnati - OH,0
2005,Cincinnati - OH,0
2006,Cincinnati - OH,0
2007,Cincinnati - OH,0
2008,Cincinnati - OH,0
2009,Cincinnati - OH,0
2010,Cincinnati - OH,0
2011,Cincinnati - OH,0
2012,Cincinnati - OH,0
2013,Cincinnati - OH,0
2014,Cincinnati - OH,0
2015,Cincinnati - OH,0
2016,Cincinnati - OH,0
2017,Cincinnati - OH,0
2018,Cincinnati - OH,0
2019,Cincinnati - OH,0
2020,Cincinnati - OH,0
2021,Cincinnati - OH,0
2022,Cincinnati - OH,0
2023,Cincinnati - OH,0
2024,Cincinnati - OH,0
2000,Cleveland - OH,0
2001,Cleveland - OH,0
2002,Cleveland - OH,0
2003,Cleveland - OH,0
2004,Cleveland - OH,0
2005,Cleveland - OH,0
2006,Cleveland - OH,0
2007,Cleveland - OH,0
2008,Cleveland - OH,0
2009,Cleveland - OH,0
2010,Cleveland - OH,0
2011,Cleveland - OH,0
2012,Cleveland - OH,0
2013,Cleveland - OH,0
2014,Cleveland - OH,0
2015,Cleveland - OH,0
2016,Cleveland - OH,0
2017,Cleveland - OH,0
2018,Cleveland - OH,0
2019,Cleveland - OH,0
2020,Cleveland - OH,0
2021,Cleveland - OH,0
2022,Cleveland - OH,0
2023,Cleveland - OH,0
2024,Cleveland - OH,0
2000,Colorado Springs - CO,0
2001,Colorado Springs - CO,0
2002,Colorado Springs - CO,0
2003,Colorado Springs - CO,0
2004,Colorado Springs - CO,0
2005,Colorado Springs - CO,0
2006,Colorado Springs - CO,0
2007,Colorado Springs - CO,0
2008,Colorado Springs - CO,0
2009,Colorado Springs - CO,0
2010,Colorado Springs - CO,0
2011,Colorado Springs - CO,0
2012,Colorado Springs - CO,0
2013,Colorado Springs - CO,0
2014,Colorado Springs - CO,0
2015,Colorado Springs - CO,0
2016,Colorado Springs - CO,0
2017,Colorado Springs - CO,0
2018,Colorado Springs - CO,0
2019,Colorado Springs - CO,0
2020,Colorado Springs - CO,0
2021,Colorado Springs - CO,0
2022,Colorado Springs - CO,0
2023,Colorado Springs - CO,0
2024,Colorado Springs - CO,0
2000,Columbia - SC,0
2001,Columbia - SC,0
2002,Columbia - SC,0
2003,Columbia - SC,0
2004,Columbia - SC,0
2005,Columbia - SC,0
2006,Columbia - SC,0
2007,Columbia - SC,0
2008,Columbia - SC,0
2009,Columbia - SC,0
2010,Columbia - SC,0
2011,Columbia - SC,0
2012,Columbia - SC,0
2013,Columbia - SC,0
2014,Columbia - SC,0
2015,Columbia - SC,0
2016,Columbia - SC,0
2017,Columbia - SC,0
2018,Columbia - SC,0
2019,Columbia - SC,0
2020,Columbia - SC,0
2021,Columbia - SC,0
2022,Columbia - SC,0
2023,Columbia - SC,0
2024,Columbia - SC,0
2000,Columbus - OH,0
2001,Columbus - OH,0
2002,Columbus - OH,0
2003,Columbus - OH,0
2004,Columbus - OH,0
2005,Columbus - OH,0
2006,Columbus - OH,0
2007,Columbus - OH,0
2008,Columbus - OH,0
2009,Columbus - OH,0
2010,Columbus - OH,0
2011,Columbus - OH,0
2012,Columbus - OH,0
2013,Columbus - OH,0
2014,Columbus - OH,0
2015,Columbus - OH,0
2016,Columbus - OH,0
2017,Columbus - OH,0
2018,Columbus - OH,0
2019,Columbus - OH,0
2020,Columbus - OH,0
2021,Columbus - OH,0
2022,Columbus - OH,0
2023,Columbus - OH,0
2024,Columbus - OH,0
2000,Corpus Christi - TX,0
2001,Corpus Christi - TX,0
2002,Corpus Christi - TX,0
2003,Corpus Christi - TX,0
2004,Corpus Christi - TX,0
2005,Corpus Christi - TX,0
2006,Corpus Christi - TX,0
2007,Corpus Christi - TX,0
2008,Corpus Christi - TX,0
2009,Corpus Christi - TX,0
2010,Corpus Christi - TX,0
2011,Corpus Christi - TX,0
2012,Corpus Christi - TX,0
2013,Corpus Christi - TX,0
2014,Corpus Christi - TX,0
2015,Corpus Christi - TX,0
2016,Corpus Christi - TX,0
2017,Corpus Christi - TX,0
2018,Corpus Christi - TX,0
2019,Corpus Christi - TX,0
2020,Corpus Christi - TX,0
2021,Corpus Christi - TX,0
2022,Corpus Christi - TX,0
2023,Corpus Christi - TX,0
2024,Corpus Christi - TX,0
2000,Dallas-Fort Worth - TX,0
2001,Dallas-Fort Worth - TX,0
2002,Dallas-Fort Worth - TX,0
2003,Dallas-Fort Worth - TX,0
2004,Dallas-Fort Worth - TX,0
2005,Dallas-Fort Worth - TX,0
2006,Dallas-Fort Worth - TX,0
2007,Dallas-Fort Worth - TX,0
2008,Dallas-Fort Worth - TX,0
2009,Dallas-Fort Worth - TX,0
2010,Dallas-Fort Worth - TX,0
2011,Dallas-Fort Worth - TX,0
2012,Dallas-Fort Worth - TX,0
2013,Dallas-Fort Worth - TX,0
2014,Dallas-Fort Worth - TX,0
2015,Dallas-Fort Worth - TX,0
2016,Dallas-Fort Worth - TX,0
2017,Dallas-Fort Worth - TX,0
2018,Dallas-Fort Worth - TX,0
2019,Dallas-Fort Worth - TX,0
2020,Dallas-Fort Worth - TX,0
2021,Dallas-Fort Worth - TX,0
2022,Dallas-Fort Worth - TX,0
2023,Dallas-Fort Worth - TX,0
2024,Dallas-Fort Worth - TX,0
2000,Dayton - OH,0
2001,Dayton - OH,0
2002,Dayton - OH,0
2003,Dayton - OH,0
2004,Dayton - OH,0
2005,Dayton - OH,0
2006,Dayton - OH,0
2007,Dayton - OH,0
2008,Dayton - OH,0
2009,Dayton - OH,0
2010,Dayton - OH,0
2011,Dayton - OH,0
2012,Dayton - OH,0
2013,Dayton - OH,0
2014,Dayton - OH,0
2015,Dayton - OH,0
2016,Dayton - OH,0
2017,Dayton - OH,0
2018,Dayton - OH,0
2019,Dayton - OH,0
2020,Dayton - OH,0
2021,Dayton - OH,0
2022,Dayton - OH,0
2023,Dayton - OH,0
2024,Dayton - OH,0
2000,Denver - CO,0
2001,Denver - CO,0
2002,Denver - CO,0
2003,Denver - CO,0
2004,Denver - CO,0
2005,Denver - CO,0
2006,Denver - CO,0
2007,Denver - CO,0
2008,Denver - CO,0
2009,Denver - CO,0
2010,Denver - CO,0
2011,Denver - CO,0
2012,Denver - CO,0
2013,Denver - CO,0
2014,Denver - CO,0
2015,Denver - CO,0
2016,Denver - CO,0
2017,Denver - CO,0
2018,Denver - CO,0
2019,Denver - CO,0
2020,Denver - CO,0
2021,Denver - CO,0
2022,Denver - CO,0
2023,Denver - CO,0
2024,Denver - CO,0
2000,Des Moines - IA,0
2001,Des Moines - IA,0
2002,Des Moines - IA,0
2003,Des Moines - IA,0
2004,Des Moines - IA,0
2005,Des Moines - IA,0
2006,Des Moines - IA,0
2007,Des Moines - IA,0
2008,Des Moines - IA,0
2009,Des Moines - IA,0
2010,Des Moines - IA,0
2011,Des Moines - IA,0
2012,Des Moines - IA,0
2013,Des Moines - IA,0
2014,Des Moines - IA,0
2015,Des Moines - IA,0
2016,Des Moines - IA,0
2017,Des Moines - IA,0
2018,Des Moines - IA,0
2019,Des Moines - IA,0
2020,Des Moines - IA,0
2021,Des Moines - IA,0
2022,Des Moines - IA,0
2023,Des Moines - IA,0
2024,Des Moines - IA,0
2000,Detroit - MI,0
2001,Detroit - MI,0
2002,Detroit - MI,0
2003,Detroit - MI,0
2004,Detroit - MI,0
2005,Detroit - MI,0
2006,Detroit - MI,0
2007,Detroit - MI,0
2008,Detroit - MI,0
2009,Detroit - MI,0
2010,Detroit - MI,0
2011,Detroit - MI,0
2012,Detroit - MI,0
2013,Detroit - MI,0
2014,Detroit - MI,0
2015,Detroit - MI,0
2016,Detroit - MI,0
2017,Detroit - MI,0
2018,Detroit - MI,0
2019,Detroit - MI,0
2020,Detroit - MI,0
2021,Detroit - MI,0
2022,Detroit - MI,0
2023,Detroit - MI,0
2024,Detroit - MI,0
2000,Durham - NC,0
2001,Durham - NC,0
2002,Durham - NC,0
2003,Durham - NC,0
2004,Durham - NC,0
2005,Durham - NC,0
2006,Durham - NC,0
2007,Durham - NC,0
2008,Durham - NC,0
2009,Durham - NC,0
2010,Durham - NC,0
2011,Durham - NC,0
2012,Durham - NC,0
2013,Durham - NC,0
2014,Durham - NC,0
2015,Durham - NC,0
2016,Durham - NC,0
2017,Durham - NC,0
2018,Durham - NC,0
2019,Durham - NC,0
2020,Durham - NC,0
2021,Durham - NC,0
2022,Durham - NC,0
2023,Durham - NC,0
2024,Durham - NC,0
2000,East Bay - CA,0
2001,East Bay - CA,0
2002,East Bay - CA,0
2003,East Bay - CA,0
2004,East Bay - CA,0
2005,East Bay - CA,0
2006,East Bay - CA,0
2007,East Bay - CA,0
2008,East Bay - CA,0
2009,East Bay - CA,0
2010,East Bay - CA,0
2011,East Bay - CA,0
2012,East Bay - CA,0
2013,East Bay - CA,0
2014,East Bay - CA,0
2015,East Bay - CA,0
2016,East Bay - CA,0
2017,East Bay - CA,0
2018,East Bay - CA,0
2019,East Bay - CA,0
2020,East Bay - CA,0
2021,East Bay - CA,0
2022,East Bay - CA,0
2023,East Bay - CA,0
2024,East Bay - CA,0
2000,El Paso - TX,0
2001,El Paso - TX,0
2002,El Paso - TX,0
2003,El Paso - TX,0
2004,El Paso - TX,0
2005,El Paso - TX,0
2006,El Paso - TX,0
2007,El Paso - TX,0
2008,El Paso - TX,0
2009,El Paso - TX,0
2010,El Paso - TX,0
2011,El Paso - TX,0
2012,El Paso - TX,0
2013,El Paso - TX,0
2014,El Paso - TX,0
2015,El Paso - TX,0
2016,El Paso - TX,0
2017,El Paso - TX,0
2018,El Paso - TX,0
2019,El Paso - TX,0
2020,El Paso - TX,0
2021,El Paso - TX,0
2022,El Paso - TX,0
2023,El Paso - TX,0
2024,El Paso - TX,0
2000,Fargo - ND,0
2001,Fargo - ND,0
2002,Fargo - ND,0
2003,Fargo - ND,0
2004,Fargo - ND,0
2005,Fargo - ND,0
2006,Fargo - ND,0
2007,Fargo - ND,0
2008,Fargo - ND,0
2009,Fargo - ND,0
2010,Fargo - ND,0
2011,Fargo - ND,0
2012,Fargo - ND,0
2013,Fargo - ND,0
2014,Fargo - ND,0
2015,Fargo - ND,0
2016,Fargo - ND,0
2017,Fargo - ND,0
2018,Fargo - ND,0
2019,Fargo - ND,0
2020,Fargo - ND,0
2021,Fargo - ND,0
2022,Fargo - ND,0
2023,Fargo - ND,0
2024,Fargo - ND,0
2000,Fort Lauderdale - FL,0
2001,Fort Lauderdale - FL,0
2002,Fort Lauderdale - FL,0
2003,Fort Lauderdale - FL,0
2004,Fort Lauderdale - FL,0
2005,Fort Lauderdale - FL,0
2006,Fort Lauderdale - FL,0
2007,Fort Lauderdale - FL,0
2008,Fort Lauderdale - FL,0
2009,Fort Lauderdale - FL,0
2010,Fort Lauderdale - FL,0
2011,Fort Lauderdale - FL,0
2012,Fort Lauderdale - FL,0
2013,Fort Lauderdale - FL,0
2014,Fort Lauderdale - FL,0
2015,Fort Lauderdale - FL,0
2016,Fort Lauderdale - FL,0
2017,Fort Lauderdale - FL,0
2018,Fort Lauderdale - FL,0
2019,Fort Lauderdale - FL,0
2020,Fort Lauderdale - FL,0
2021,Fort Lauderdale - FL,0
2022,Fort Lauderdale - FL,0
2023,Fort Lauderdale - FL,0
2024,Fort Lauderdale - FL,0
2000,Fresno - CA,0
2001,Fresno - CA,0
2002,Fresno - CA,0
2003,Fresno - CA,0
2004,Fresno - CA,0
2005,Fresno - CA,0
2006,Fresno - CA,0
2007,Fresno - CA,0
2008,Fresno - CA,0
2009,Fresno - CA,0
2010,Fresno - CA,0
2011,Fresno - CA,0
2012,Fresno - CA,0
2013,Fresno - CA,0
2014,Fresno - CA,0
2015,Fresno - CA,0
2016,Fresno - CA,0
2017,Fresno - CA,0
2018,Fresno - CA,0
2019,Fresno - CA,0
2020,Fresno - CA,0
2021,Fresno - CA,0
2022,Fresno - CA,0
2023,Fresno - CA,0
2024,Fresno - CA,0
2000,Gainesville - FL,0
2001,Gainesville - FL,0
2002,Gainesville - FL,0
2003,Gainesville - FL,0
2004,Gainesville - FL,0
2005,Gainesville - FL,0
2006,Gainesville - FL,0
2007,Gainesville - FL,0
2008,Gainesville - FL,0
2009,Gainesville - FL,0
2010,Gainesville - FL,0
2011,Gainesville - FL,0
2012,Gainesville - FL,0
2013,Gainesville - FL,0
2014,Gainesville - FL,0
2015,Gainesville - FL,0
2016,Gainesville - FL,0
2017,Gainesville - FL,0
2018,Gainesville - FL,0
2019,Gainesville - FL,0
2020,Gainesville - FL,0
2021,Gainesville - FL,0
2022,Gainesville - FL,0
2023,Gainesville - FL,0
2024,Gainesville - FL,0
2000,Grand Rapids - MI,0
2001,Grand Rapids - MI,0
2002,Grand Rapids - MI,0
2003,Grand Rapids - MI,0
2004,Grand Rapids - MI,0
2005,Grand Rapids - MI,0
2006,Grand Rapids - MI,0
2007,Grand Rapids - MI,0
2008,Grand Rapids - MI,0
2009,Grand Rapids - MI,0
2010,Grand Rapids - MI,0
2011,Grand Rapids - MI,0
2012,Grand Rapids - MI,0
2013,Grand Rapids - MI,0
2014,Grand Rapids - MI,0
2015,Grand Rapids - MI,0
2016,Grand Rapids - MI,0
2017,Grand Rapids - MI,0
2018,Grand Rapids - MI,0
2019,Grand Rapids - MI,0
2020,Grand Rapids - MI,0
2021,Grand Rapids - MI,0
2022,Grand Rapids - MI,0
2023,Grand Rapids - MI,0
2024,Grand Rapids - MI,0
2000,Greensboro - NC,0
2001,Greensboro - NC,0
2002,Greensboro - NC,0
2003,Greensboro - NC,0
2004,Greensboro - NC,0
2005,Greensboro - NC,0
2006,Greensboro - NC,0
2007,Greensboro - NC,0
2008,Greensboro - NC,0
2009,Greensboro - NC,0
2010,Greensboro - NC,0
2011,Greensboro - NC,0
2012,Greensboro - NC,0
2013,Greensboro - NC,0
2014,Greensboro - NC,0
2015,Greensboro - NC,0
2016,Greensboro - NC,0
2017,Greensboro - NC,0
2018,Greensboro - NC,0
2019,Greensboro - NC,0
2020,Greensboro - NC,0
2021,Greensboro - NC,0
2022,Greensboro - NC,0
2023,Greensboro - NC,0
2024,Greensboro - NC,0
2000,Greenville - SC,0
2001,Greenville - SC,0
2002,Greenville - SC,0
2003,Greenville - SC,0
2004,Greenville - SC,0
2005,Greenville - SC,0
2006,Greenville - SC,0
2007,Greenville - SC,0
2008,Greenville - SC,0
2009,Greenville - SC,0
2010,Greenville - SC,0
2011,Greenville - SC,0
2012,Greenville - SC,0
2013,Greenville - SC,0
2014,Greenville - SC,0
2015,Greenville - SC,0
2016,Greenville - SC,0
2017,Greenville - SC,0
2018,Greenville - SC,0
2019,Greenville - SC,0
2020,Greenville - SC,0
2021,Greenville - SC,0
2022,Greenville - SC,0
2023,Greenville - SC,0
2024,Greenville - SC,0
2000,Harrisburg - PA,0
2001,Harrisburg - PA,0
2002,Harrisburg - PA,0
2003,Harrisburg - PA,0
2004,Harrisburg - PA,0
2005,Harrisburg - PA,0
2006,Harrisburg - PA,0
2007,Harrisburg - PA,0
2008,Harrisburg - PA,0
2009,Harrisburg - PA,0
2010,Harrisburg - PA,0
2011,Harrisburg - PA,0
2012,Harrisburg - PA,0
2013,Harrisburg - PA,0
2014,Harrisburg - PA,0
2015,Harrisburg - PA,0
2016,Harrisburg - PA,0
2017,Harrisburg - PA,0
2018,Harrisburg - PA,0
2019,Harrisburg - PA,0
2020,Harrisburg - PA,0
2021,Harrisburg - PA,0
2022,Harrisburg - PA,0
2023,Harrisburg - PA,0
2024,Harrisburg - PA,0
2000,Hartford - CT,0
2001,Hartford - CT,0
2002,Hartford - CT,0
2003,Hartford - CT,0
2004,Hartford - CT,0
2005,Hartford - CT,0
2006,Hartford - CT,0
2007,Hartford - CT,0
2008,Hartford - CT,0
2009,Hartford - CT,0
2010,Hartford - CT,0
2011,Hartford - CT,0
2012,Hartford - CT,0
2013,Hartford - CT,0
2014,Hartford - CT,0
2015,Hartford - CT,0
2016,Hartford - CT,0
2017,Hartford - CT,0
2018,Hartford - CT,0
2019,Hartford - CT,0
2020,Hartford - CT,0
2021,Hartford - CT,0
2022,Hartford - CT,0
2023,Hartford - CT,0
2024,Hartford - CT,0
2000,Honolulu - HI,0
2001,Honolulu - HI,0
2002,Honolulu - HI,0
2003,Honolulu - HI,0
2004,Honolulu - HI,0
2005,Honolulu - HI,0
2006,Honolulu - HI,0
2007,Honolulu - HI,0
2008,Honolulu - HI,0
2009,Honolulu - HI,0
2010,Honolulu - HI,0
2011,Honolulu - HI,0
2012,Honolulu - HI,0
2013,Honolulu - HI,0
2014,Honolulu - HI,0
2015,Honolulu - HI,0
2016,Honolulu - HI,0
2017,Honolulu - HI,0
2018,Honolulu - HI,0
2019,Honolulu - HI,0
2020,Honolulu - HI,0
2021,Honolulu - HI,0
2022,Honolulu - HI,0
2023,Honolulu - HI,0
2024,Honolulu - HI,0
2000,Houston - TX,0
2001,Houston - TX,0
2002,Houston - TX,0
2003,Houston - TX,0
2004,Houston - TX,0
2005,Houston - TX,0
2006,Houston - TX,0
2007,Houston - TX,0
2008,Houston - TX,0
2009,Houston - TX,0
2010,Houston - TX,0
2011,Houston - TX,0
2012,Houston - TX,0
2013,Houston - TX,0
2014,Houston - TX,0
2015,Houston - TX,0
2016,Houston - TX,0
2017,Houston - TX,0
2018,Houston - TX,0
2019,Houston - TX,0
2020,Houston - TX,0
2021,Houston - TX,0
2022,Houston - TX,0
2023,Houston - TX,0
2024,Houston - TX,0
2000,Indianapolis - IN,0
2001,Indianapolis - IN,0
2002,Indianapolis - IN,0
2003,Indianapolis - IN,0
2004,Indianapolis - IN,0
2005,Indianapolis - IN,0
2006,Indianapolis - IN,0
2007,Indianapolis - IN,0
2008,Indianapolis - IN,0
2009,Indianapolis - IN,0
2010,Indianapolis - IN,0
2011,Indianapolis - IN,0
2012,Indianapolis - IN,0
2013,Indianapolis - IN,0
2014,Indianapolis - IN,0
2015,Indianapolis - IN,0
2016,Indianapolis - IN,0
2017,Indianapolis - IN,0
2018,Indianapolis - IN,0
2019,Indianapolis - IN,0
2020,Indianapolis - IN,0
2021,Indianapolis - IN,0
2022,Indianapolis - IN,0
2023,Indianapolis - IN,0
2024,Indianapolis - IN,0
2000,Inland Empire - CA,0
2001,Inland Empire - CA,0
2002,Inland Empire - CA,0
2003,Inland Empire - CA,0
2004,Inland Empire - CA,0
2005,Inland Empire - CA,0
2006,Inland Empire - CA,0
2007,Inland Empire - CA,0
2008,Inland Empire - CA,0
2009,Inland Empire - CA,0
2010,Inland Empire - CA,0
2011,Inland Empire - CA,0
2012,Inland Empire - CA,0
2013,Inland Empire - CA,0
2014,Inland Empire - CA,0
2015,Inland Empire - CA,0
2016,Inland Empire - CA,0
2017,Inland Empire - CA,0
2018,Inland Empire - CA,0
2019,Inland Empire - CA,0
2020,Inland Empire - CA,0
2021,Inland Empire - CA,0
2022,Inland Empire - CA,0
2023,Inland Empire - CA,0
2024,Inland Empire - CA,0
2000,Jackson - MS,0
2001,Jackson - MS,0
2002,Jackson - MS,0
2003,Jackson - MS,0
2004,Jackson - MS,0
2005,Jackson - MS,0
2006,Jackson - MS,0
2007,Jackson - MS,0
2008,Jackson - MS,0
2009,Jackson - MS,0
2010,Jackson - MS,0
2011,Jackson - MS,0
2012,Jackson - MS,0
2013,Jackson - MS,0
2014,Jackson - MS,0
2015,Jackson - MS,0
2016,Jackson - MS,0
2017,Jackson - MS,0
2018,Jackson - MS,0
2019,Jackson - MS,0
2020,Jackson - MS,0
2021,Jackson - MS,0
2022,Jackson - MS,0
2023,Jackson - MS,0
2024,Jackson - MS,0
2000,Jacksonville - FL,0
2001,Jacksonville - FL,0
2002,Jacksonville - FL,0
2003,Jacksonville - FL,0
2004,Jacksonville - FL,0
2005,Jacksonville - FL,0
2006,Jacksonville - FL,0
2007,Jacksonville - FL,0
2008,Jacksonville - FL,0
2009,Jacksonville - FL,0
2010,Jacksonville - FL,0
2011,Jacksonville - FL,0
2012,Jacksonville - FL,0
2013,Jacksonville - FL,0
2014,Jacksonville - FL,0
2015,Jacksonville - FL,0
2016,Jacksonville - FL,0
2017,Jacksonville - FL,0
2018,Jacksonville - FL,0
2019,Jacksonville - FL,0
2020,Jacksonville - FL,0
2021,Jacksonville - FL,0
2022,Jacksonville - FL,0
2023,Jacksonville - FL,0
2024,Jacksonville - FL,0
2000,Kansas City - MO,0
2001,Kansas City - MO,0
2002,Kansas City - MO,0
2003,Kansas City - MO,0
2004,Kansas City - MO,0
2005,Kansas City - MO,0
2006,Kansas City - MO,0
2007,Kansas City - MO,0
2008,Kansas City - MO,0
2009,Kansas City - MO,0
2010,Kansas City - MO,0
2011,Kansas City - MO,0
2012,Kansas City - MO,0
2013,Kansas City - MO,0
2014,Kansas City - MO,0
2015,Kansas City - MO,0
2016,Kansas City - MO,0
2017,Kansas City - MO,0
2018,Kansas City - MO,0
2019,Kansas City - MO,0
2020,Kansas City - MO,0
2021,Kansas City - MO,0
2022,Kansas City - MO,0
2023,Kansas City - MO,0
2024,Kansas City - MO,0
2000,Knoxville - TN,0
2001,Knoxville - TN,0
2002,Knoxville - TN,0
2003,Knoxville - TN,0
2004,Knoxville - TN,0
2005,Knoxville - TN,0
2006,Knoxville - TN,0
2007,Knoxville - TN,0
2008,Knoxville - TN,0
2009,Knoxville - TN,0
2010,Knoxville - TN,0
2011,Knoxville - TN,0
2012,Knoxville - TN,0
2013,Knoxville - TN,0
2014,Knoxville - TN,0
2015,Knoxville - TN,0
2016,Knoxville - TN,0
2017,Knoxville - TN,0
2018,Knoxville - TN,0
2019,Knoxville - TN,0
2020,Knoxville - TN,0
2021,Knoxville - TN,0
2022,Knoxville - TN,0
2023,Knoxville - TN,0
2024,Knoxville - TN,0
2000,Lansing - MI,0
2001,Lansing - MI,0
2002,Lansing - MI,0
2003,Lansing - MI,0
2004,Lansing - MI,0
2005,Lansing - MI,0
2006,Lansing - MI,0
2007,Lansing - MI,0
2008,Lansing - MI,0
2009,Lansing - MI,0
2010,Lansing - MI,0
2011,Lansing - MI,0
2012,Lansing - MI,0
2013,Lansing - MI,0
2014,Lansing - MI,0
2015,Lansing - MI,0
2016,Lansing - MI,0
2017,Lansing - MI,0
2018,Lansing - MI,0
2019,Lansing - MI,0
2020,Lansing - MI,0
2021,Lansing - MI,0
2022,Lansing - MI,0
2023,Lansing - MI,0
2024,Lansing - MI,0
2000,Las Vegas - NV,0
2001,Las Vegas - NV,0
2002,Las Vegas - NV,0
2003,Las Vegas - NV,0
2004,Las Vegas - NV,0
2005,Las Vegas - NV,0
2006,Las Vegas - NV,0
2007,Las Vegas - NV,0
2008,Las Vegas - NV,1
2009,Las Vegas - NV,1
2010,Las Vegas - NV,1
2011,Las Vegas - NV,0
2012,Las Vegas - NV,0
2013,Las Vegas - NV,0
2014,Las Vegas - NV,0
2015,Las Vegas - NV,0
2016,Las Vegas - NV,0
2017,Las Vegas - NV,0
2018,Las Vegas - NV,0
2019,Las Vegas - NV,0
2020,Las Vegas - NV,0
2021,Las Vegas - NV,0
2022,Las Vegas - NV,0
2023,Las Vegas - NV,0
2024,Las Vegas - NV,0
2000,Lehigh Valley - PA,0
2001,Lehigh Valley - PA,0
2002,Lehigh Valley - PA,0
2003,Lehigh Valley - PA,0
2004,Lehigh Valley - PA,0
2005,Lehigh Valley - PA,0
2006,Lehigh Valley - PA,0
2007,Lehigh Valley - PA,0
2008,Lehigh Valley - PA,0
2009,Lehigh Valley - PA,0
2010,Lehigh Valley - PA,0
2011,Lehigh Valley - PA,0
2012,Lehigh Valley - PA,0
2013,Lehigh Valley - PA,0
2014,Lehigh Valley - PA,0
2015,Lehigh Valley - PA,0
2016,Lehigh Valley - PA,0
2017,Lehigh Valley - PA,0
2018,Lehigh Valley - PA,0
2019,Lehigh Valley - PA,0
2020,Lehigh Valley - PA,0
2021,Lehigh Valley - PA,0
2022,Lehigh Valley - PA,0
2023,Lehigh Valley - PA,0
2024,Lehigh Valley - PA,0
2000,Lexington - KY,0
2001,Lexington - KY,0
2002,Lexington - KY,0
2003,Lexington - KY,0
2004,Lexington - KY,0
2005,Lexington - KY,0
2006,Lexington - KY,0
2007,Lexington - KY,0
2008,Lexington - KY,0
2009,Lexington - KY,0
2010,Lexington - KY,0
2011,Lexington - KY,0
2012,Lexington - KY,0
2013,Lexington - KY,0
2014,Lexington - KY,0
2015,Lexington - KY,0
2016,Lexington - KY,0
2017,Lexington - KY,0
2018,Lexington - KY,0
2019,Lexington - KY,0
2020,Lexington - KY,0
2021,Lexington - KY,0
2022,Lexington - KY,0
2023,Lexington - KY,0
2024,Lexington - KY,0
2000,Lincoln - NE,0
2001,Lincoln - NE,0
2002,Lincoln - NE,0
2003,Lincoln - NE,0
2004,Lincoln - NE,0
2005,Lincoln - NE,0
2006,Lincoln - NE,0
2007,Lincoln - NE,0
2008,Lincoln - NE,0
2009,Lincoln - NE,0
2010,Lincoln - NE,0
2011,Lincoln - NE,0
2012,Lincoln - NE,0
2013,Lincoln - NE,0
2014,Lincoln - NE,0
2015,Lincoln - NE,0
2016,Lincoln - NE,0
2017,Lincoln - NE,0
2018,Lincoln - NE,0
2019,Lincoln - NE,0
2020,Lincoln - NE,0
2021,Lincoln - NE,0
2022,Lincoln - NE,0
2023,Lincoln - NE,0
2024,Lincoln - NE,0
2000,Little Rock - AR,0
2001,Little Rock - AR,0
2002,Little Rock - AR,0
2003,Little Rock - AR,0
2004,Little Rock - AR,0
2005,Little Rock - AR,0
2006,Little Rock - AR,0
2007,Little Rock - AR,0
2008,Little Rock - AR,0
2009,Little Rock - AR,0
2010,Little Rock - AR,0
2011,Little Rock - AR,0
2012,Little Rock - AR,0
2013,Little Rock - AR,0
2014,Little Rock - AR,0
2015,Little Rock - AR,0
2016,Little Rock - AR,0
2017,Little Rock - AR,0
2018,Little Rock - AR,0
2019,Little Rock - AR,0
2020,Little Rock - AR,0
2021,Little Rock - AR,0
2022,Little Rock - AR,0
2023,Little Rock - AR,0
2024,Little Rock - AR,0
2000,Long Island - NY,0
2001,Long Island - NY,0
2002,Long Island - NY,0
2003,Long Island - NY,0
2004,Long Island - NY,0
2005,Long Island - NY,0
2006,Long Island - NY,0
2007,Long Island - NY,0
2008,Long Island - NY,0
2009,Long Island - NY,0
2010,Long Island - NY,0
2011,Long Island - NY,0
2012,Long Island - NY,0
2013,Long Island - NY,0
2014,Long Island - NY,0
2015,Long Island - NY,0
2016,Long Island - NY,0
2017,Long Island - NY,0
2018,Long Island - NY,0
2019,Long Island - NY,0
2020,Long Island - NY,0
2021,Long Island - NY,0
2022,Long Island - NY,0
2023,Long Island - NY,0
2024,Long Island - NY,0
2000,Los Angeles - CA,0
2001,Los Angeles - CA,0
2002,Los Angeles - CA,0
2003,Los Angeles - CA,0
2004,Los Angeles - CA,0
2005,Los Angeles - CA,0
2006,Los Angeles - CA,0
2007,Los Angeles - CA,0
2008,Los Angeles - CA,0
2009,Los Angeles - CA,0
2010,Los Angeles - CA,0
2011,Los Angeles - CA,0
2012,Los Angeles - CA,0
2013,Los Angeles - CA,0
2014,Los Angeles - CA,0
2015,Los Angeles - CA,0
2016,Los Angeles - CA,0
2017,Los Angeles - CA,0
2018,Los Angeles - CA,0
2019,Los Angeles - CA,0
2020,Los Angeles - CA,0
2021,Los Angeles - CA,0
2022,Los Angeles - CA,0
2023,Los Angeles - CA,0
2024,Los Angeles - CA,0
2000,Louisville - KY,0
2001,Louisville - KY,0
2002,Louisville - KY,0
2003,Louisville - KY,0
2004,Louisville - KY,0
2005,Louisville - KY,0
2006,Louisville - KY,0
2007,Louisville - KY,0
2008,Louisville - KY,0
2009,Louisville - KY,0
2010,Louisville - KY,0
2011,Louisville - KY,0
2012,Louisville - KY,0
2013,Louisville - KY,0
2014,Louisville - KY,0
2015,Louisville - KY,0
2016,Louisville - KY,0
2017,Louisville - KY,0
2018,Louisville - KY,0
2019,Louisville - KY,0
2020,Louisville - KY,0
2021,Louisville - KY,0
2022,Louisville - KY,0
2023,Louisville - KY,0
2024,Louisville - KY,0
2000,Madison - WI,0
2001,Madison - WI,0
2002,Madison - WI,0
2003,Madison - WI,0
2004,Madison - WI,0
2005,Madison - WI,0
2006,Madison - WI,0
2007,Madison - WI,0
2008,Madison - WI,0
2009,Madison - WI,0
2010,Madison - WI,0
2011,Madison - WI,0
2012,Madison - WI,0
2013,Madison - WI,0
2014,Madison - WI,0
2015,Madison - WI,0
2016,Madison - WI,0
2017,Madison - WI,0
2018,Madison - WI,0
2019,Madison - WI,0
2020,Madison - WI,0
2021,Madison - WI,0
2022,Madison - WI,0
2023,Madison - WI,0
2024,Madison - WI,0
2000,Memphis - TN,0
2001,Memphis - TN,0
2002,Memphis - TN,0
2003,Memphis - TN,0
2004,Memphis - TN,0
2005,Memphis - TN,0
2006,Memphis - TN,0
2007,Memphis - TN,0
2008,Memphis - TN,0
2009,Memphis - TN,0
2010,Memphis - TN,0
2011,Memphis - TN,0
2012,Memphis - TN,0
2013,Memphis - TN,0
2014,Memphis - TN,0
2015,Memphis - TN,0
2016,Memphis - TN,0
2017,Memphis - TN,0
2018,Memphis - TN,0
2019,Memphis - TN,0
2020,Memphis - TN,0
2021,Memphis - TN,0
2022,Memphis - TN,0
2023,Memphis - TN,0
2024,Memphis - TN,0
2000,Miami - FL,0
2001,Miami - FL,0
2002,Miami - FL,0
2003,Miami - FL,0
2004,Miami - FL,0
2005,Miami - FL,0
2006,Miami - FL,0
2007,Miami - FL,0
2008,Miami - FL,0
2009,Miami - FL,0
2010,Miami - FL,0
2011,Miami - FL,0
2012,Miami - FL,0
2013,Miami - FL,0
2014,Miami - FL,0
2015,Miami - FL,0
2016,Miami - FL,0
2017,Miami - FL,0
2018,Miami - FL,0
2019,Miami - FL,0
2020,Miami - FL,0
2021,Miami - FL,0
2022,Miami - FL,0
2023,Miami - FL,0
2024,Miami - FL,0
2000,Milwaukee - WI,0
2001,Milwaukee - WI,0
2002,Milwaukee - WI,0
2003,Milwaukee - WI,0
2004,Milwaukee - WI,0
2005,Milwaukee - WI,0
2006,Milwaukee - WI,0
2007,Milwaukee - WI,0
2008,Milwaukee - WI,0
2009,Milwaukee - WI,0
2010,Milwaukee - WI,0
2011,Milwaukee - WI,0
2012,Milwaukee - WI,0
2013,Milwaukee - WI,0
2014,Milwaukee - WI,0
2015,Milwaukee - WI,0
2016,Milwaukee - WI,0
2017,Milwaukee - WI,0
2018,Milwaukee - WI,0
2019,Milwaukee - WI,0
2020,Milwaukee - WI,0
2021,Milwaukee - WI,0
2022,Milwaukee - WI,0
2023,Milwaukee - WI,0
2024,Milwaukee - WI,0
2000,Minneapolis - MN,0
2001,Minneapolis - MN,0
2002,Minneapolis - MN,0
2003,Minneapolis - MN,0
2004,Minneapolis - MN,0
2005,Minneapolis - MN,0
2006,Minneapolis - MN,0
2007,Minneapolis - MN,0
2008,Minneapolis - MN,0
2009,Minneapolis - MN,0
2010,Minneapolis - MN,0
2011,Minneapolis - MN,0
2012,Minneapolis - MN,0
2013,Minneapolis - MN,0
2014,Minneapolis - MN,0
2015,Minneapolis - MN,0
2016,Minneapolis - MN,0
2017,Minneapolis - MN,0
2018,Minneapolis - MN,0
2019,Minneapolis - MN,0
2020,Minneapolis - MN,0
2021,Minneapolis - MN,0
2022,Minneapolis - MN,0
2023,Minneapolis - MN,0
2024,Minneapolis - MN,0
2000,Nashville - TN,0
2001,Nashville - TN,0
2002,Nashville - TN,0
2003,Nashville - TN,0
2004,Nashville - TN,0
2005,Nashville - TN,0
2006,Nashville - TN,0
2007,Nashville - TN,0
2008,Nashville - TN,0
2009,Nashville - TN,0
2010,Nashville - TN,0
2011,Nashville - TN,0
2012,Nashville - TN,0
2013,Nashville - TN,0
2014,Nashville - TN,0
2015,Nashville - TN,0
2016,Nashville - TN,0
2017,Nashville - TN,0
2018,Nashville - TN,0
2019,Nashville - TN,0
2020,Nashville - TN,0
2021,Nashville - TN,0
2022,Nashville - TN,0
2023,Nashville - TN,0
2024,Nashville - TN,0
2000,New Haven - CT,0
2001,New Haven - CT,0
2002,New Haven - CT,0
2003,New Haven - CT,0
2004,New Haven - CT,0
2005,New Haven - CT,0
2006,New Haven - CT,0
2007,New Haven - CT,0
2008,New Haven - CT,0
2009,New Haven - CT,0
2010,New Haven - CT,0
2011,New Haven - CT,0
2012,New Haven - CT,0
2013,New Haven - CT,0
2014,New Haven - CT,0
2015,New Haven - CT,0
2016,New Haven - CT,0
2017,New Haven - CT,0
2018,New Haven - CT,0
2019,New Haven - CT,0
2020,New Haven - CT,0
2021,New Haven - CT,0
2022,New Haven - CT,0
2023,New Haven - CT,0
2024,New Haven - CT,0
2000,New York - NY,0
2001,New York - NY,0
2002,New York - NY,0
2003,New York - NY,0
2004,New York - NY,0
2005,New York - NY,0
2006,New York - NY,0
2007,New York - NY,0
2008,New York - NY,0
2009,New York - NY,0
2010,New York - NY,0
2011,New York - NY,0
2012,New York - NY,0
2013,New York - NY,0
2014,New York - NY,0
2015,New York - NY,0
2016,New York - NY,0
2017,New York - NY,0
2018,New York - NY,0
2019,New York - NY,0
2020,New York - NY,1
2021,New York - NY,1
2022,New York - NY,0
2023,New York - NY,0
2024,New York - NY,0
2000,Norfolk - VA,0
2001,Norfolk - VA,0
2002,Norfolk - VA,0
2003,Norfolk - VA,0
2004,Norfolk - VA,0
2005,Norfolk - VA,0
2006,Norfolk - VA,0
2007,Norfolk - VA,0
2008,Norfolk - VA,0
2009,Norfolk - VA,0
2010,Norfolk - VA,0
2011,Norfolk - VA,0
2012,Norfolk - VA,0
2013,Norfolk - VA,0
2014,Norfolk - VA,0
2015,Norfolk - VA,0
2016,Norfolk - VA,0
2017,Norfolk - VA,0
2018,Norfolk - VA,0
2019,Norfolk - VA,0
2020,Norfolk - VA,0
2021,Norfolk - VA,0
2022,Norfolk - VA,0
2023,Norfolk - VA,0
2024,Norfolk - VA,0
2000,Northern New Jersey - NJ,0
2001,Northern New Jersey - NJ,0
2002,Northern New Jersey - NJ,0
2003,Northern New Jersey - NJ,0
2004,Northern New Jersey - NJ,0
2005,Northern New Jersey - NJ,0
2006,Northern New Jersey - NJ,0
2007,Northern New Jersey - NJ,0
2008,Northern New Jersey - NJ,0
2009,Northern New Jersey - NJ,0
2010,Northern New Jersey - NJ,0
2011,Northern New Jersey - NJ,0
2012,Northern New Jersey - NJ,0
2013,Northern New Jersey - NJ,0
2014,Northern New Jersey - NJ,0
2015,Northern New Jersey - NJ,0
2016,Northern New Jersey - NJ,0
2017,Northern New Jersey - NJ,0
2018,Northern New Jersey - NJ,0
2019,Northern New Jersey - NJ,0
2020,Northern New Jersey - NJ,0
2021,Northern New Jersey - NJ,0
2022,Northern New Jersey - NJ,0
2023,Northern New Jersey - NJ,0
2024,Northern New Jersey - NJ,0
2000,Oklahoma City - OK,0
2001,Oklahoma City - OK,0
2002,Oklahoma City - OK,0
2003,Oklahoma City - OK,0
2004,Oklahoma City - OK,0
2005,Oklahoma City - OK,0
2006,Oklahoma City - OK,0
2007,Oklahoma City - OK,0
2008,Oklahoma City - OK,0
2009,Oklahoma City - OK,0
2010,Oklahoma City - OK,0
2011,Oklahoma City - OK,0
2012,Oklahoma City - OK,0
2013,Oklahoma City - OK,0
2014,Oklahoma City - OK,0
2015,Oklahoma City - OK,0
2016,Oklahoma City - OK,0
2017,Oklahoma City - OK,0
2018,Oklahoma City - OK,0
2019,Oklahoma City - OK,0
2020,Oklahoma City - OK,0
2021,Oklahoma City - OK,0
2022,Oklahoma City - OK,0
2023,Oklahoma City - OK,0
2024,Oklahoma City - OK,0
2000,Omaha - NE,0
2001,Omaha - NE,0
2002,Omaha - NE,0
2003,Omaha - NE,0
2004,Omaha - NE,0
2005,Omaha - NE,0
2006,Omaha - NE,0
2007,Omaha - NE,0
2008,Omaha - NE,0
2009,Omaha - NE,0
2010,Omaha - NE,0
2011,Omaha - NE,0
2012,Omaha - NE,0
2013,Omaha - NE,0
2014,Omaha - NE,0
2015,Omaha - NE,0
2016,Omaha - NE,0
2017,Omaha - NE,0
2018,Omaha - NE,0
2019,Omaha - NE,0
2020,Omaha - NE,0
2021,Omaha - NE,0
2022,Omaha - NE,0
2023,Omaha - NE,0
2024,Omaha - NE,0
2000,Orange County - CA,0
2001,Orange County - CA,0
2002,Orange County - CA,0
2003,Orange County - CA,0
2004,Orange County - CA,0
2005,Orange County - CA,0
2006,Orange County - CA,0
2007,Orange County - CA,0
2008,Orange County - CA,0
2009,Orange County - CA,0
2010,Orange County - CA,0
2011,Orange County - CA,0
2012,Orange County - CA,0
2013,Orange County - CA,0
2014,Orange County - CA,0
2015,Orange County - CA,0
2016,Orange County - CA,0
2017,Orange County - CA,0
2018,Orange County - CA,0
2019,Orange County - CA,0
2020,Orange County - CA,0
2021,Orange County - CA,0
2022,Orange County - CA,0
2023,Orange County - CA,0
2024,Orange County - CA,0
2000,Orlando - FL,0
2001,Orlando - FL,0
2002,Orlando - FL,0
2003,Orlando - FL,0
2004,Orlando - FL,0
2005,Orlando - FL,0
2006,Orlando - FL,0
2007,Orlando - FL,0
2008,Orlando - FL,0
2009,Orlando - FL,0
2010,Orlando - FL,0
2011,Orlando - FL,0
2012,Orlando - FL,0
2013,Orlando - FL,0
2014,Orlando - FL,0
2015,Orlando - FL,0
2016,Orlando - FL,0
2017,Orlando - FL,1
2018,Orlando - FL,1
2019,Orlando - FL,0
2020,Orlando - FL,0
2021,Orlando - FL,0
2022,Orlando - FL,0
2023,Orlando - FL,0
2024,Orlando - FL,0
2000,Palm Beach - FL,0
2001,Palm Beach - FL,0
2002,Palm Beach - FL,0
2003,Palm Beach - FL,0
2004,Palm Beach - FL,0
2005,Palm Beach - FL,0
2006,Palm Beach - FL,0
2007,Palm Beach - FL,0
2008,Palm Beach - FL,0
2009,Palm Beach - FL,0
2010,Palm Beach - FL,0
2011,Palm Beach - FL,0
2012,Palm Beach - FL,0
2013,Palm Beach - FL,0
2014,Palm Beach - FL,0
2015,Palm Beach - FL,0
2016,Palm Beach - FL,0
2017,Palm Beach - FL,0
2018,Palm Beach - FL,0
2019,Palm Beach - FL,0
2020,Palm Beach - FL,0
2021,Palm Beach - FL,0
2022,Palm Beach - FL,0
2023,Palm Beach - FL,0
2024,Palm Beach - FL,0
2000,Philadelphia - PA,0
2001,Philadelphia - PA,0
2002,Philadelphia - PA,0
2003,Philadelphia - PA,0
2004,Philadelphia - PA,0
2005,Philadelphia - PA,0
2006,Philadelphia - PA,0
2007,Philadelphia - PA,0
2008,Philadelphia - PA,0
2009,Philadelphia - PA,0
2010,Philadelphia - PA,0
2011,Philadelphia - PA,0
2012,Philadelphia - PA,0
2013,Philadelphia - PA,0
2014,Philadelphia - PA,0
2015,Philadelphia - PA,0
2016,Philadelphia - PA,0
2017,Philadelphia - PA,0
2018,Philadelphia - PA,0
2019,Philadelphia - PA,0
2020,Philadelphia - PA,0
2021,Philadelphia - PA,0
2022,Philadelphia - PA,0
2023,Philadelphia - PA,0
2024,Philadelphia - PA,0
2000,Phoenix - AZ,0
2001,Phoenix - AZ,0
2002,Phoenix - AZ,0
2003,Phoenix - AZ,0
2004,Phoenix - AZ,0
2005,Phoenix - AZ,0
2006,Phoenix - AZ,0
2007,Phoenix - AZ,0
2008,Phoenix - AZ,0
2009,Phoenix - AZ,0
2010,Phoenix - AZ,0
2011,Phoenix - AZ,0
2012,Phoenix - AZ,0
2013,Phoenix - AZ,0
2014,Phoenix - AZ,0
2015,Phoenix - AZ,0
2016,Phoenix - AZ,0
2017,Phoenix - AZ,0
2018,Phoenix - AZ,0
2019,Phoenix - AZ,0
2020,Phoenix - AZ,0
2021,Phoenix - AZ,0
2022,Phoenix - AZ,0
2023,Phoenix - AZ,0
2024,Phoenix - AZ,0
2000,Pittsburgh - PA,0
2001,Pittsburgh - PA,0
2002,Pittsburgh - PA,0
2003,Pittsburgh - PA,0
2004,Pittsburgh - PA,0
2005,Pittsburgh - PA,0
2006,Pittsburgh - PA,0
2007,Pittsburgh - PA,0
2008,Pittsburgh - PA,0
2009,Pittsburgh - PA,0
2010,Pittsburgh - PA,0
2011,Pittsburgh - PA,0
2012,Pittsburgh - PA,0
2013,Pittsburgh - PA,0
2014,Pittsburgh - PA,0
2015,Pittsburgh - PA,0
2016,Pittsburgh - PA,0
2017,Pittsburgh - PA,0
2018,Pittsburgh - PA,0
2019,Pittsburgh - PA,0
2020,Pittsburgh - PA,0
2021,Pittsburgh - PA,0
2022,Pittsburgh - PA,0
2023,Pittsburgh - PA,0
2024,Pittsburgh - PA,0
2000,Portland - OR,0
2001,Portland - OR,0
2002,Portland - OR,0
2003,Portland - OR,0
2004,Portland - OR,0
2005,Portland - OR,0
2006,Portland - OR,0
2007,Portland - OR,0
2008,Portland - OR,0
2009,Portland - OR,0
2010,Portland - OR,0
2011,Portland - OR,0
2012,Portland - OR,0
2013,Portland - OR,0
2014,Portland - OR,0
2015,Portland - OR,0
2016,Portland - OR,0
2017,Portland - OR,0
2018,Portland - OR,0
2019,Portland - OR,0
2020,Portland - OR,0
2021,Portland - OR,0
2022,Portland - OR,0
2023,Portland - OR,0
2024,Portland - OR,0
2000,Providence - RI,0
2001,Providence - RI,0
2002,Providence - RI,0
2003,Providence - RI,0
2004,Providence - RI,0
2005,Providence - RI,0
2006,Providence - RI,0
2007,Providence - RI,0
2008,Providence - RI,0
2009,Providence - RI,0
2010,Providence - RI,0
2011,Providence - RI,0
2012,Providence - RI,0
2013,Providence - RI,0
2014,Providence - RI,0
2015,Providence - RI,0
2016,Providence - RI,0
2017,Providence - RI,0
2018,Providence - RI,0
2019,Providence - RI,0
2020,Providence - RI,0
2021,Providence - RI,0
2022,Providence - RI,0
2023,Providence - RI,0
2024,Providence - RI,0
2000,Raleigh - NC,0
2001,Raleigh - NC,0
2002,Raleigh - NC,0
2003,Raleigh - NC,0
2004,Raleigh - NC,0
2005,Raleigh - NC,0
2006,Raleigh - NC,0
2007,Raleigh - NC,0
2008,Raleigh - NC,0
2009,Raleigh - NC,0
2010,Raleigh - NC,0
2011,Raleigh - NC,0
2012,Raleigh - NC,0
2013,Raleigh - NC,0
2014,Raleigh - NC,0
2015,Raleigh - NC,0
2016,Raleigh - NC,0
2017,Raleigh - NC,0
2018,Raleigh - NC,0
2019,Raleigh - NC,0
2020,Raleigh - NC,0
2021,Raleigh - NC,0
2022,Raleigh - NC,0
2023,Raleigh - NC,0
2024,Raleigh - NC,0
2000,Reno - NV,0
2001,Reno - NV,0
2002,Reno - NV,0
2003,Reno - NV,0
2004,Reno - NV,0
2005,Reno - NV,0
2006,Reno - NV,0
2007,Reno - NV,0
2008,Reno - NV,0
2009,Reno - NV,0
2010,Reno - NV,0
2011,Reno - NV,0
2012,Reno - NV,0
2013,Reno - NV,0
2014,Reno - NV,0
2015,Reno - NV,0
2016,Reno - NV,0
2017,Reno - NV,0
2018,Reno - NV,0
2019,Reno - NV,0
2020,Reno - NV,0
2021,Reno - NV,0
2022,Reno - NV,0
2023,Reno - NV,0
2024,Reno - NV,0
2000,Richmond - VA,0
2001,Richmond - VA,0
2002,Richmond - VA,0
2003,Richmond - VA,0
2004,Richmond - VA,0
2005,Richmond - VA,0
2006,Richmond - VA,0
2007,Richmond - VA,0
2008,Richmond - VA,0
2009,Richmond - VA,0
2010,Richmond - VA,0
2011,Richmond - VA,0
2012,Richmond - VA,0
2013,Richmond - VA,0
2014,Richmond - VA,0
2015,Richmond - VA,0
2016,Richmond - VA,0
2017,Richmond - VA,0
2018,Richmond - VA,0
2019,Richmond - VA,0
2020,Richmond - VA,0
2021,Richmond - VA,0
2022,Richmond - VA,0
2023,Richmond - VA,0
2024,Richmond - VA,0
2000,Rochester - NY,0
2001,Rochester - NY,0
2002,Rochester - NY,0
2003,Rochester - NY,0
2004,Rochester - NY,0
2005,Rochester - NY,0
2006,Rochester - NY,0
2007,Rochester - NY,0
2008,Rochester - NY,0
2009,Rochester - NY,0
2010,Rochester - NY,0
2011,Rochester - NY,0
2012,Rochester - NY,0
2013,Rochester - NY,0
2014,Rochester - NY,0
2015,Rochester - NY,0
2016,Rochester - NY,0
2017,Rochester - NY,0
2018,Rochester - NY,0
2019,Rochester - NY,0
2020,Rochester - NY,0
2021,Rochester - NY,0
2022,Rochester - NY,0
2023,Rochester - NY,0
2024,Rochester - NY,0
2000,Sacramento - CA,0
2001,Sacramento - CA,0
2002,Sacramento - CA,0
2003,Sacramento - CA,0
2004,Sacramento - CA,0
2005,Sacramento - CA,0
2006,Sacramento - CA,0
2007,Sacramento - CA,0
2008,Sacramento - CA,0
2009,Sacramento - CA,0
2010,Sacramento - CA,0
2011,Sacramento - CA,0
2012,Sacramento - CA,0
2013,Sacramento - CA,0
2014,Sacramento - CA,0
2015,Sacramento - CA,0
2016,Sacramento - CA,0
2017,Sacramento - CA,0
2018,Sacramento - CA,0
2019,Sacramento - CA,0
2020,Sacramento - CA,0
2021,Sacramento - CA,0
2022,Sacramento - CA,0
2023,Sacramento - CA,0
2024,Sacramento - CA,0
2000,Saint Louis - MO,0
2001,Saint Louis - MO,0
2002,Saint Louis - MO,0
2003,Saint Louis - MO,0
2004,Saint Louis - MO,0
2005,Saint Louis - MO,0
2006,Saint Louis - MO,0
2007,Saint Louis - MO,0
2008,Saint Louis - MO,0
2009,Saint Louis - MO,0
2010,Saint Louis - MO,0
2011,Saint Louis - MO,0
2012,Saint Louis - MO,0
2013,Saint Louis - MO,0
2014,Saint Louis - MO,0
2015,Saint Louis - MO,0
2016,Saint Louis - MO,0
2017,Saint Louis - MO,0
2018,Saint Louis - MO,0
2019,Saint Louis - MO,0
2020,Saint Louis - MO,0
2021,Saint Louis - MO,0
2022,Saint Louis - MO,0
2023,Saint Louis - MO,0
2024,Saint Louis - MO,0
2000,Salt Lake City - UT,0
2001,Salt Lake City - UT,0
2002,Salt Lake City - UT,0
2003,Salt Lake City - UT,0
2004,Salt Lake City - UT,0
2005,Salt Lake City - UT,0
2006,Salt Lake City - UT,0
2007,Salt Lake City - UT,0
2008,Salt Lake City - UT,0
2009,Salt Lake City - UT,0
2010,Salt Lake City - UT,0
2011,Salt Lake City - UT,0
2012,Salt Lake City - UT,0
2013,Salt Lake City - UT,0
2014,Salt Lake City - UT,0
2015,Salt Lake City - UT,0
2016,Salt Lake City - UT,0
2017,Salt Lake City - UT,0
2018,Salt Lake City - UT,0
2019,Salt Lake City - UT,0
2020,Salt Lake City - UT,0
2021,Salt Lake City - UT,0
2022,Salt Lake City - UT,0
2023,Salt Lake City - UT,0
2024,Salt Lake City - UT,0
2000,San Antonio - TX,0
2001,San Antonio - TX,0
2002,San Antonio - TX,0
2003,San Antonio - TX,0
2004,San Antonio - TX,0
2005,San Antonio - TX,0
2006,San Antonio - TX,0
2007,San Antonio - TX,0
2008,San Antonio - TX,0
2009,San Antonio - TX,0
2010,San Antonio - TX,0
2011,San Antonio - TX,0
2012,San Antonio - TX,0
2013,San Antonio - TX,0
2014,San Antonio - TX,0
2015,San Antonio - TX,0
2016,San Antonio - TX,0
2017,San Antonio - TX,0
2018,San Antonio - TX,0
2019,San Antonio - TX,0
2020,San Antonio - TX,0
2021,San Antonio - TX,0
2022,San Antonio - TX,0
2023,San Antonio - TX,0
2024,San Antonio - TX,0
2000,San Diego - CA,0
2001,San Diego - CA,0
2002,San Diego - CA,0
2003,San Diego - CA,0
2004,San Diego - CA,0
2005,San Diego - CA,0
2006,San Diego - CA,0
2007,San Diego - CA,0
2008,San Diego - CA,0
2009,San Diego - CA,0
2010,San Diego - CA,0
2011,San Diego - CA,0
2012,San Diego - CA,0
2013,San Diego - CA,0
2014,San Diego - CA,0
2015,San Diego - CA,0
2016,San Diego - CA,0
2017,San Diego - CA,0
2018,San Diego - CA,0
2019,San Diego - CA,0
2020,San Diego - CA,0
2021,San Diego - CA,0
2022,San Diego - CA,0
2023,San Diego - CA,0
2024,San Diego - CA,0
2000,San Francisco - CA,0
2001,San Francisco - CA,0
2002,San Francisco - CA,0
2003,San Francisco - CA,0
2004,San Francisco - CA,0
2005,San Francisco - CA,0
2006,San Francisco - CA,0
2007,San Francisco - CA,0
2008,San Francisco - CA,0
2009,San Francisco - CA,0
2010,San Francisco - CA,0
2011,San Francisco - CA,0
2012,San Francisco - CA,0
2013,San Francisco - CA,0
2014,San Francisco - CA,0
2015,San Francisco - CA,0
2016,San Francisco - CA,0
2017,San Francisco - CA,1
2018,San Francisco - CA,1
2019,San Francisco - CA,1
2020,San Francisco - CA,0
2021,San Francisco - CA,0
2022,San Francisco - CA,0
2023,San Francisco - CA,0
2024,San Francisco - CA,0
2000,San Jose - CA,0
2001,San Jose - CA,0
2002,San Jose - CA,0
2003,San Jose - CA,0
2004,San Jose - CA,0
2005,San Jose - CA,0
2006,San Jose - CA,0
2007,San Jose - CA,0
2008,San Jose - CA,0
2009,San Jose - CA,0
2010,San Jose - CA,0
2011,San Jose - CA,0
2012,San Jose - CA,0
2013,San Jose - CA,0
2014,San Jose - CA,0
2015,San Jose - CA,0
2016,San Jose - CA,0
2017,San Jose - CA,0
2018,San Jose - CA,0
2019,San Jose - CA,0
2020,San Jose - CA,0
2021,San Jose - CA,0
2022,San Jose - CA,0
2023,San Jose - CA,0
2024,San Jose - CA,0
2000,Seattle - WA,0
2001,Seattle - WA,0
2002,Seattle - WA,0
2003,Seattle - WA,0
2004,Seattle - WA,0
2005,Seattle - WA,0
2006,Seattle - WA,0
2007,Seattle - WA,0
2008,Seattle - WA,0
2009,Seattle - WA,0
2010,Seattle - WA,0
2011,Seattle - WA,0
2012,Seattle - WA,0
2013,Seattle - WA,0
2014,Seattle - WA,0
2015,Seattle - WA,0
2016,Seattle - WA,0
2017,Seattle - WA,0
2018,Seattle - WA,1
2019,Seattle - WA,1
2020,Seattle - WA,0
2021,Seattle - WA,0
2022,Seattle - WA,0
2023,Seattle - WA,0
2024,Seattle - WA,0
2000,Spokane - WA,0
2001,Spokane - WA,0
2002,Spokane - WA,0
2003,Spokane - WA,0
2004,Spokane - WA,0
2005,Spokane - WA,0
2006,Spokane - WA,0
2007,Spokane - WA,0
2008,Spokane - WA,0
2009,Spokane - WA,0
2010,Spokane - WA,0
2011,Spokane - WA,0
2012,Spokane - WA,0
2013,Spokane - WA,0
2014,Spokane - WA,0
2015,Spokane - WA,0
2016,Spokane - WA,0
2017,Spokane - WA,0
2018,Spokane - WA,0
2019,Spokane - WA,0
2020,Spokane - WA,0
2021,Spokane - WA,0
2022,Spokane - WA,0
2023,Spokane - WA,0
2024,Spokane - WA,0
2000,Springfield - MA,0
2001,Springfield - MA,0
2002,Springfield - MA,0
2003,Springfield - MA,0
2004,Springfield - MA,0
2005,Springfield - MA,0
2006,Springfield - MA,0
2007,Springfield - MA,0
2008,Springfield - MA,0
2009,Springfield - MA,0
2010,Springfield - MA,0
2011,Springfield - MA,0
2012,Springfield - MA,0
2013,Springfield - MA,0
2014,Springfield - MA,0
2015,Springfield - MA,0
2016,Springfield - MA,0
2017,Springfield - MA,0
2018,Springfield - MA,0
2019,Springfield - MA,0
2020,Springfield - MA,0
2021,Springfield - MA,0
2022,Springfield - MA,0
2023,Springfield - MA,0
2024,Springfield - MA,0
2000,Stockton - CA,0
2001,Stockton - CA,0
2002,Stockton - CA,0
2003,Stockton - CA,0
2004,Stockton - CA,0
2005,Stockton - CA,0
2006,Stockton - CA,0
2007,Stockton - CA,0
2008,Stockton - CA,0
2009,Stockton - CA,0
2010,Stockton - CA,0
2011,Stockton - CA,0
2012,Stockton - CA,0
2013,Stockton - CA,0
2014,Stockton - CA,0
2015,Stockton - CA,0
2016,Stockton - CA,0
2017,Stockton - CA,0
2018,Stockton - CA,0
2019,Stockton - CA,0
2020,Stockton - CA,0
2021,Stockton - CA,0
2022,Stockton - CA,0
2023,Stockton - CA,0
2024,Stockton - CA,0
2000,Syracuse - NY,0
2001,Syracuse - NY,0
2002,Syracuse - NY,0
2003,Syracuse - NY,0
2004,Syracuse - NY,0
2005,Syracuse - NY,0
2006,Syracuse - NY,0
2007,Syracuse - NY,0
2008,Syracuse - NY,0
2009,Syracuse - NY,0
2010,Syracuse - NY,0
2011,Syracuse - NY,0
2012,Syracuse - NY,0
2013,Syracuse - NY,0
2014,Syracuse - NY,0
2015,Syracuse - NY,0
2016,Syracuse - NY,0
2017,Syracuse - NY,0
2018,Syracuse - NY,0
2019,Syracuse - NY,0
2020,Syracuse - NY,0
2021,Syracuse - NY,0
2022,Syracuse - NY,0
2023,Syracuse - NY,0
2024,Syracuse - NY,0
2000,Tampa - FL,0
2001,Tampa - FL,0
2002,Tampa - FL,0
2003,Tampa - FL,0
2004,Tampa - FL,0
2005,Tampa - FL,0
2006,Tampa - FL,0
2007,Tampa - FL,0
2008,Tampa - FL,0
2009,Tampa - FL,0
2010,Tampa - FL,0
2011,Tampa - FL,0
2012,Tampa - FL,0
2013,Tampa - FL,0
2014,Tampa - FL,0
2015,Tampa - FL,0
2016,Tampa - FL,0
2017,Tampa - FL,0
2018,Tampa - FL,0
2019,Tampa - FL,0
2020,Tampa - FL,0
2021,Tampa - FL,0
2022,Tampa - FL,0
2023,Tampa - FL,0
2024,Tampa - FL,0
2000,Toledo - OH,0
2001,Toledo - OH,0
2002,Toledo - OH,0
2003,Toledo - OH,0
2004,Toledo - OH,0
2005,Toledo - OH,0
2006,Toledo - OH,0
2007,Toledo - OH,0
2008,Toledo - OH,0
2009,Toledo - OH,0
2010,Toledo - OH,0
2011,Toledo - OH,0
2012,Toledo - OH,0
2013,Toledo - OH,0
2014,Toledo - OH,0
2015,Toledo - OH,0
2016,Toledo - OH,0
2017,Toledo - OH,0
2018,Toledo - OH,0
2019,Toledo - OH,0
2020,Toledo - OH,0
2021,Toledo - OH,0
2022,Toledo - OH,0
2023,Toledo - OH,0
2024,Toledo - OH,0
2000,Tucson - AZ,0
2001,Tucson - AZ,0
2002,Tucson - AZ,0
2003,Tucson - AZ,0
2004,Tucson - AZ,0
2005,Tucson - AZ,0
2006,Tucson - AZ,0
2007,Tucson - AZ,0
2008,Tucson - AZ,0
2009,Tucson - AZ,0
2010,Tucson - AZ,0
2011,Tucson - AZ,0
2012,Tucson - AZ,0
2013,Tucson - AZ,0
2014,Tucson - AZ,0
2015,Tucson - AZ,0
2016,Tucson - AZ,0
2017,Tucson - AZ,0
2018,Tucson - AZ,0
2019,Tucson - AZ,0
2020,Tucson - AZ,0
2021,Tucson - AZ,0
2022,Tucson - AZ,0
2023,Tucson - AZ,0
2024,Tucson - AZ,0
2000,Tulsa - OK,0
2001,Tulsa - OK,0
2002,Tulsa - OK,0
2003,Tulsa - OK,0
2004,Tulsa - OK,0
2005,Tulsa - OK,0
2006,Tulsa - OK,0
2007,Tulsa - OK,0
2008,Tulsa - OK,0
2009,Tulsa - OK,0
2010,Tulsa - OK,0
2011,Tulsa - OK,0
2012,Tulsa - OK,0
2013,Tulsa - OK,0
2014,Tulsa - OK,0
2015,Tulsa - OK,0
2016,Tulsa - OK,0
2017,Tulsa - OK,0
2018,Tulsa - OK,0
2019,Tulsa - OK,0
2020,Tulsa - OK,0
2021,Tulsa - OK,0
2022,Tulsa - OK,0
2023,Tulsa - OK,0
2024,Tulsa - OK,0
2000,Ventura - CA,0
2001,Ventura - CA,0
2002,Ventura - CA,0
2003,Ventura - CA,0
2004,Ventura - CA,0
2005,Ventura - CA,0
2006,Ventura - CA,0
2007,Ventura - CA,0
2008,Ventura - CA,0
2009,Ventura - CA,0
2010,Ventura - CA,0
2011,Ventura - CA,0
2012,Ventura - CA,0
2013,Ventura - CA,0
2014,Ventura - CA,0
2015,Ventura - CA,0
2016,Ventura - CA,0
2017,Ventura - CA,0
2018,Ventura - CA,0
2019,Ventura - CA,0
2020,Ventura - CA,0
2021,Ventura - CA,0
2022,Ventura - CA,0
2023,Ventura - CA,0
2024,Ventura - CA,0
2000,Washington - DC,0
2001,Washington - DC,0
2002,Washington - DC,0
2003,Washington - DC,0
2004,Washington - DC,0
2005,Washington - DC,0
2006,Washington - DC,0
2007,Washington - DC,0
2008,Washington - DC,0
2009,Washington - DC,0
2010,Washington - DC,0
2011,Washington - DC,0
2012,Washington - DC,0
2013,Washington - DC,0
2014,Washington - DC,0
2015,Washington - DC,0
2016,Washington - DC,0
2017,Washington - DC,0
2018,Washington - DC,0
2019,Washington - DC,0
2020,Washington - DC,0
2021,Washington - DC,0
2022,Washington - DC,0
2023,Washington - DC,0
2024,Washington - DC,0
2000,Wichita - KS,0
2001,Wichita - KS,0
2002,Wichita - KS,0
2003,Wichita - KS,0
2004,Wichita - KS,0
2005,Wichita - KS,0
2006,Wichita - KS,0
2007,Wichita - KS,0
2008,Wichita - KS,0
2009,Wichita - KS,0
2010,Wichita - KS,0
2011,Wichita - KS,0
2012,Wichita - KS,0
2013,Wichita - KS,0
2014,Wichita - KS,0
2015,Wichita - KS,0
2016,Wichita - KS,0
2017,Wichita - KS,0
2018,Wichita - KS,0
2019,Wichita - KS,0
2020,Wichita - KS,0
2021,Wichita - KS,0
2022,Wichita - KS,0
2023,Wichita - KS,0
2024,Wichita - KS,0
2000,Winston-Salem - NC,0
2001,Winston-Salem - NC,0
2002,Winston-Salem - NC,0
2003,Winston-Salem - NC,0
2004,Winston-Salem - NC,0
2005,Winston-Salem - NC,0
2006,Winston-Salem - NC,0
2007,Winston-Salem - NC,0
2008,Winston-Salem - NC,0
2009,Winston-Salem - NC,0
2010,Winston-Salem - NC,0
2011,Winston-Salem - NC,0
2012,Winston-Salem - NC,0
2013,Winston-Salem - NC,0
2014,Winston-Salem - NC,0
2015,Winston-Salem - NC,0
2016,Winston-Salem - NC,0
2017,Winston-Salem - NC,0
2018,Winston-Salem - NC,0
2019,Winston-Salem - NC,0
2020,Winston-Salem - NC,0
2021,Winston-Salem - NC,0
2022,Winston-Salem - NC,0
2023,Winston-Salem - NC,0
2024,Winston-Salem - NC,0
2000,Worcester - MA,0
2001,Worcester - MA,0
2002,Worcester - MA,0
2003,Worcester - MA,0
2004,Worcester - MA,0
2005,Worcester - MA,0
2006,Worcester - MA,0
2007,Worcester - MA,0
2008,Worcester - MA,0
2009,Worcester - MA,0
2010,Worcester - MA,0
2011,Worcester - MA,0
2012,Worcester - MA,0
2013,Worcester - MA,0
2014,Worcester - MA,0
2015,Worcester - MA,0
2016,Worcester - MA,0
2017,Worcester - MA,0
2018,Worcester - MA,0
2019,Worcester - MA,0
2020,Worcester - MA,0
2021,Worcester - MA,0
2022,Worcester - MA,0
2023,Worcester - MA,0
2024,Worcester - MA,0
